{
    "container_name": "ebi-uat",
    "folder_name": [{
            "landing": [
                "landing/iri", {
                    "adhoc": [
                        "landing/adhoc",
                        "landing/adhoc/adhoc_target"
                    ]
                }, {
                    "finance": [
                        "landing/finance/actuals",
                        "landing/finance/forecast",
                        "landing/finance/fin_target",
                        "landing/finance/fin_guidance"
                    ]
                }, {
                    "finDriver": [
                        "landing/finDriver/actuals",
                        "landing/finDriver/forecast",
                        "landing/finDriver/fin_commentary",
                        "landing/finDriver/IR_Summary/actuals",
                        "landing/finDriver/IR_Summary/forecast"
                    ]
                },
                "landing/weekly_topline",
                "landing/stackline_scorecard", {
                    "SSR": [
                        "landing/SSR",
                        "landing/SSR/SSR_commentary",
                        "landing/SSR/SSR_VMS"
                    ]
                },
                "landing/all_outlet_share",
                "landing/pso_commentary", {
                    "all_outlet": [
                        "landing/all_outlet/iri"
                    ]
                },
                "landing/All_Outlet/Non_Automated_Sources",
                "landing/hhp",
                "landing/Energy_and_Resin",
                "landing/EnR_Commentary"
            ]
        }, {
            "staging": [{
                    "staging_raw": [
                        "staging/staging_raw/iri", {
                            "adhoc": [
                                "staging/staging_raw/adhoc",
                                "staging/staging_raw/adhoc/adhoc_target"
                            ]
                        }, {
                            "finance": [
                                "staging/staging_raw/finance/actuals",
                                "staging/staging_raw/finance/forecast",
                                "staging/staging_raw/finance/fin_target",
                                "staging/staging_raw/finance/fin_guidance"
                            ]
                        }, {
                            "finDriver": [
                                "staging/staging_raw/finDriver/actuals",
                                "staging/staging_raw/finDriver/forecast",
                                "staging/staging_raw/finDriver/fin_commentary",
                                "staging/staging_raw/finDriver/IR_Summary/actuals",
                                "staging/staging_raw/finDriver/IR_Summary/forecast"
                            ]
                        },
                        "staging/staging_raw/weekly_topline",
                        "staging/staging_raw/stackline_scorecard",
                        "staging/staging_raw/stackline", {
                            "SSR": [
                                "staging/staging_raw/SSR",
                                "staging/staging_raw/SSR/SSR_commentary",
                                "staging/staging_raw/SSR/SSR_VMS"
                            ]
                        },
                        "staging/staging_raw/chewy",
                        "staging/staging_raw/all_outlet_share",
                        "staging/staging_raw/pso_commentary",
                        "staging/staging_raw/hhp",
                        "staging/staging_raw/Energy_and_Resin",
                        "staging/staging_raw/EnR_Commentary"
                    ]
                }, {
                    "staging_processed": [
                        "staging/staging_processed/iri", {
                            "adhoc": [
                                "staging/staging_processed/adhoc",
                                "staging/staging_processed/adhoc/adhoc_target"
                            ]
                        }, {
                            "finance": [
                                "staging/staging_processed/finance/actuals",
                                "staging/staging_processed/finance/forecast",
                                "staging/staging_processed/finance/fin_target",
                                "staging/staging_processed/finance/fin_guidance"
                            ]
                        }, {
                            "finDriver": [
                                "staging/staging_processed/finDriver/actuals",
                                "staging/staging_processed/finDriver/forecast",
                                "staging/staging_processed/finDriver/fin_commentary",
                                "staging/staging_processed/finDriver/IR_Summary/actuals",
                                "staging/staging_processed/finDriver/IR_Summary/forecast"
                            ]
                        },
                        "staging/staging_processed/weekly_topline",
                        "staging/staging_processed/stackline_scorecard", {
                            "orders_and_shipment": [
                                "staging/staging_processed/orders_and_shipment/customer",
                                "staging/staging_processed/orders_and_shipment/material",
                                "staging/staging_processed/orders_and_shipment/calendar_day",
                                "staging/staging_processed/orders_and_shipment/shipment",
                                "staging/staging_processed/orders_and_shipment/profit_center"
                            ]
                        },
                        "staging/staging_processed/stackline",
                        "staging/staging_processed/SSR", {
                            "SSR": [
                                "staging/staging_processed/SSR",
                                "staging/staging_processed/SSR/SSR_commentary",
                                "staging/staging_processed/SSR/SSR_VMS"
                            ]
                        },
                        "staging/staging_processed/chewy",
                        "staging/staging_processed/all_outlet_share",
                        "staging/staging_processed/amazon",
                        "staging/staging_processed/pso_commentary", {
                            "all_outlet": [
                                "staging/staging_processed/all_outlet/iri"
                            ]
                        },
                        "staging/staging_processed/All_Outlet/Non_Automated_Sources",
                        "staging/staging_processed/hhp",
                        "staging/staging_processed/Energy_and_Resin",
                        "staging/staging_processed/EnR_Commentary"
                    ]
                },
                "staging/staging_transformed", {
                    "staging_duplicates": [
                        "staging/staging_duplicates/adhoc",
                        "staging/staging_duplicates/adhoc/adhoc_target",
                        "staging/staging_duplicates",
                        "staging/staging_duplicates/All_Outlet/Non_Automated_Sources",
                        "staging/staging_duplicates/hhp"
                    ]
                }, {
                    "staging_precheck": [
                        "staging/staging_precheck/iri", {
                            "adhoc": [
                                "staging/staging_precheck/adhoc",
                                "staging/staging_precheck/adhoc/adhoc_target"
                            ]
                        }, {
                            "finance": [
                                "staging/staging_precheck/finance/actuals",
                                "staging/staging_precheck/finance/forecast",
                                "staging/staging_precheck/finance/fin_target",
                                "staging/staging_precheck/finance/fin_guidance"
                            ]
                        }, {
                            "finDriver": [
                                "staging/staging_precheck/finDriver/actuals",
                                "staging/staging_precheck/finDriver/forecast",
                                "staging/staging_precheck/finDriver/fin_commentary",
                                "staging/staging_precheck/finDriver/IR_Summary/actuals",
                                "staging/staging_precheck/finDriver/IR_Summary/forecast"
                            ]
                        },
                        "staging/staging_precheck/weekly_topline",
                        "staging/staging_precheck/stackline_scorecard", {
                            "orders_and_shipment": [
                                "staging/staging_precheck/orders_and_shipment/customer",
                                "staging/staging_precheck/orders_and_shipment/material",
                                "staging/staging_precheck/orders_and_shipment/calendar_day",
                                "staging/staging_precheck/orders_and_shipment/shipment",
                                "staging/staging_precheck/orders_and_shipment/profit_center"
                            ]
                        },
                        "staging/staging_precheck/stackline",
                        "staging/staging_precheck/HHP",
                        "staging/staging_precheck/SSR", {
                            "SSR": [
                                "staging/staging_precheck/SSR",
                                "staging/staging_precheck/SSR/SSR_commentary",
                                "staging/staging_precheck/SSR/SSR_VMS"
                            ]
                        },
                        "staging/staging_precheck/chewy",
                        "staging/staging_precheck/all_outlet_share",
                        "staging/staging_precheck/amazon",
                        "staging/staging_precheck/pso_commentary", {
                            "all_outlet": [
                                "staging/staging_precheck/all_outlet/iri"
                            ]
                        },
                        "staging/staging_precheck/All_Outlet/Non_Automated_Sources",
                        "staging/staging_precheck/hhp",
                        "staging/staging_precheck/Energy_and_Resin",
                        "staging/staging_precheck/EnR_Commentary"
                    ]
                }, {
                    "staging_transformed": [{
                            "all_outlet": [
                                "staging/staging_transformed/all_outlet/iri"
                            ]
                        },
                        "staging/staging_transformed/All_Outlet/Non_Automated_Sources",
                        "staging/staging_transformed/hhp"
                    ]
                }
            ]
        }, {
            "raw": [
                "raw/iri",
                "raw/adhoc", {
                    "finance": [
                        "raw/finance/actuals",
                        "raw/finance/forecast",
                        "fin_target",
                        "fin_guidance"
                    ]
                }, {
                    "finDriver": [
                        "raw/finDriver/actuals",
                        "raw/finDriver/forecast",
                        "raw/finDriver/fin_commentary",
                        "raw/finDriver/IR_Summary/actuals",
                        "raw/finDriver/IR_Summary/forecast"
                    ]
                },
                "raw/weekly_topline",
                "raw/stackline_scorecard", {
                    "orders_and_shipment": [
                        "raw/orders_and_shipment/customer",
                        "raw/orders_and_shipment/material",
                        "raw/orders_and_shipment/calendar_day",
                        "raw/orders_and_shipment/shipment",
                        "raw/orders_and_shipment/profit_center"
                    ]
                },
                "raw/stackline",
                "raw/HHP",
                "raw/SSR", {
                    "SSR": [
                        "raw/SSR",
                        "raw/SSR/SSR_commentary",
                        "raw/SSR/SSR_VMS"
                    ]
                },
                "raw/chewy",
                "raw/all_outlet_share",
                "raw/amazon",
                "raw/pso_commentary", {
                    "all_outlet": [
                        "raw/all_outlet/iri"
                    ]
                },
                "raw/all_outlet/failed",
                "raw/hhp",
                "raw/All_Outlet/Non_Automated_Sources",
                "raw/Energy_and_Resin",
                "raw/EnR_Commentary"
            ]
        }, {
            "curated": [
                "curated/iri",
                "curated/adhoc", {
                    "finance": [
                        "curated/finance/actuals",
                        "curated/finance/forecast",
                        "curated/finance/fin_target",
                        "curated/finance/fin_guidance"
                    ]
                }, {
                    "finDriver": [
                        "curated/finDriver/actuals",
                        "curated/finDriver/forecast",
                        "curated/finDriver/fin_commentary",
                        "curated/finDriver/IR_Summary/actuals",
                        "curated/finDriver/IR_Summary/forecast"
                    ]
                }, {
                    "weekly_topline": [
                        "curated/weekly_topline",
                        "curated/weekly_topline/topline_unmatched_data"
                    ]
                },
                "curated/stackline_scorecard", {
                    "orders_and_shipment": [
                        "curated/orders_and_shipment/customer",
                        "curated/orders_and_shipment/material",
                        "curated/orders_and_shipment/calendar_day",
                        "curated/orders_and_shipment/shipment",
                        "curated/orders_and_shipment/profit_center"
                    ]
                },
                "curated/stackline",
                "curated/HHP",
                "curated/SSR", {
                    "SSR": [
                        "curated/SSR",
                        "curated/SSR/SSR_commentary",
                        "curated/SSR/SSR_VMS"
                    ]
                },
                "curated/chewy",
                "curated/all_outlet_share",
                "curated/pso_commentary", {
                    "all_outlet": [
                        "curated/all_outlet/iri"
                    ]
                },
                "curated/All_Outlet/Non_Automated_Sources",
                "curated/hhp",
                "curated/Energy_and_Resin",
                "curated/EnR_Commentary"
            ]
        }
    ]
}
