{
    "Time Period": {
        "Latest Week ending": "Last week",
        "Week End": "Last week",
        "FY": "FY",
        "Latest 4 Weeks ending": "Last 4-5 week",
        "Latest 5 Weeks ending": "Last 4-5 week",
        "4 Weeks End": "Last 4-5 week",
        "5 Weeks End": "Last 4-5 week",
        "Latest 13 Weeks Ending": "Last 13 weeks",
        "Latest 52 Weeks Ending": "Last 52 weeks",
        "Building FY": "FYTD",
        "FQ": "Latest Completed Quarter",
        "Building FQ": "QTD",
        "13 Weeks End": "Latest Completed Quarter",
        "Building 13 Weeks End": "QTD"
    },
    "Columns": {
        "time": "Time",
        "product": "Product",
        "geography": "Geography",
        "dollarsales": "Dollar Sales",
        "dollarsalesyearago": "Dollar Sales Year Ago",
        "dollarsales%changevsya": "Dollar Sales %Change vs YA",
        "unitsales": "Unit Sales",
        "unitsalesyearago": "Unit Sales Year Ago",
        "unitsales%changevsya": "Unit Sales %Change vs YA",
        "volumesales": "Volume Sales",
        "volumesalesyearago": "Volume Sales Year Ago",
        "volumesales%changevsya": "Volume Sales %Change vs YA",
        "statcasevolume": "Stat Case Volume",
        "statcasevolumeyearago": "Stat Case Volume Year Ago",
        "statcasevolume%changevsya": "Stat Case Volume %Change vs YA",
        "markdowndollars": "Markdown Dollars",
        "markdowndollarsyearago": "Markdown Dollars Year Ago",
        "markdowndollars%changevsya": "Markdown Dollars %Change vs YA",
        "avgbaselinewtdwks,anymerch": "Avg Baseline Wtd Wks, Any Merch",
        "acvweighteddistribution": "ACV Weighted Distribution",
        "acvweighteddistributionchangevsya": "ACV Weighted Distribution Change vs YA",
        "averageweeklyacvdistribution": "Average Weekly ACV Distribution",
        "averageweeklyacvdistributionyearago": "Average Weekly ACV Distribution Year Ago",
        "averageweeklyacvdistribution%changevsya": "Average Weekly ACV Distribution %Change vs YA",
        "avgitemsperstoreselling": "Avg Items per Store Selling",
        "avgweeklyitemsperstoreselling": "Avg Weekly Items per Store Selling",
        "avgweeklyitemsperstoresellingyearago": "Avg Weekly Items per Store Selling Year Ago",
        "avgweeklyitemsperstoreselling%changevsya": "Avg Weekly Items per Store Selling %Change vs YA",
        "totalpointsofdistribution": "Total Points of Distribution",
        "totalpointsofdistribution%changevsya": "Total Points of Distribution %Change vs YA",
        "totalpointsofdistributionchangevsya": "Total Points of Distribution Change vs YA",
        "averageweeklytotalpointsofdistribution": "Average Weekly Total Points of Distribution",
        "averageweeklytotalpointsofdistributionyearago": "Average Weekly Total Points of Distribution Year Ago",
        "averageweeklytotalpointsofdistribution%changevsya": "Average Weekly Total Points of Distribution %Change vs YA",
        "baselinedollars": "Baseline Dollars",
        "priceperunit": "Price per Unit",
        "priceperunityearago": "Price per Unit Year Ago",
        "priceperunit%changevsya": "Price per Unit %Change vs YA",
        "pricepervolume": "Price per Volume",
        "pricepervolumeyearago": "Price per Volume Year Ago",
        "pricepervolume%changevsya": "Price per Volume %Change vs YA",
        "baselineunits": "Baseline Units",
        "baselinevolume": "Baseline Volume",
        "baselinevolumeweightedweeksanymerch": "Baseline Volume Weighted Weeks Any Merch",
        "baselinevolumeweightedweeksanymerchyearago": "Baseline Volume Weighted Weeks Any Merch Year Ago",
        "baselinevolumeweightedweeksanymerch%changevsya": "Baseline Volume Weighted Weeks Any Merch %Change vs YA",
        "baselinevolumeweightedweekspricereductionsonly": "Baseline Volume Weighted Weeks Price Reductions Only",
        "baselinevolumeweightedweeksfeatureand/ordisplay": "Baseline Volume Weighted Weeks Feature and/or Display",
        "dollarsper$mmacv": "Dollars per $MM ACV",
        "incrementaldollarsales(analytic)": "Incremental Dollar Sales (Analytic)",
        "baselinepriceperunit": "Baseline Price per Unit",
        "baselinepricepervolume": "Baseline Price per Volume",
        "weightedaverage%pricereductionanymerch": "Weighted Average % Price Reduction Any Merch",
        "weightedaverage%pricereductionpricereductionsonly": "Weighted Average % Price Reduction Price Reductions Only",
        "weightedaverage%pricereductionfeatureand/ordisplay": "Weighted Average % Price Reduction Feature and/or Display",
        "statcasebaselinevolume": "Stat Case Baseline Volume",
        "statcaseinc'lvolume": "Stat Case Inc'l Volume",
        "%dollarsalesbymerchanymerch": "% Dollar Sales by Merch Any Merch",
        "%dollarsalesbymerchanymerchyearago": "% Dollar Sales by Merch Any Merch Year Ago",
        "%dollarsalesbymerchanymerchchangevsya": "% Dollar Sales by Merch Any Merch Change vs YA",
        "%dollarsalesbymerchanymerch%changevsya": "% Dollar Sales by Merch Any Merch %Change vs YA"
    },
    "Geography": {
        "MULOP": "MULOP",
        "_MULOP+": "MULOP+",
        "Total US - Food": "Food",
        "Total US - Drug": "Drug",
        "Walmart Corp-RMA - Walmart": "Walmart",
        "BJ's Corp-RMA - Club": "BJs",
        "Sam's Corp-RMA - Club": "Sam's",
        "Target Corp-RMA - Mass": "Target",
        "KR Corp-RMA - Food": "Kroger"
    },
    "Category": {
        "Dollar Sales": "Category_Dollar_Sales",
        "Stat Case Volume": "Category Stat Case Volume",
        "Unit Sales": "Category Unit Sales",
        "Volume Sales": "Category Volume Sales",
        "Baseline Volume Weighted Weeks Any Merch": "Category Baseline Volume Weighted Weeks Any Merch",
        "Average Weekly Total Points of Distribution": "Category Total Points of Distribution",
        "Price per Unit": "Category Price per Unit",
        "Price per Volume": "Category Price per Volume",
        "Baseline Dollars": "Category_Baseline Dollars",
        "Stat Case Baseline Volume": "Category_Stat Case Baseline Volume",
        "Baseline Units": "Category_Baseline Units",
        "Baseline Volume": "Category_Baseline Volume",
        "Markdown Dollars": "Category_Markdown Dollars",
        "Average Weekly ACV Distribution": "Category_Average Weekly ACV Distribution",
        "Avg Weekly Items per Store Selling": "Category_Avg Weekly Items per Store Selling",
        "Average Weekly ACV Distribution Year Ago": "Category_Average Weekly ACV Distribution Year Ago",
        "Avg Weekly Items per Store Selling Year Ago": "Category_Avg Weekly Items per Store Selling Year Ago",
        "Dollar Sales Year Ago": "Category_Dollar Sales Year Ago",
        "Unit Sales Year Ago": "Category_Unit Sales Year Ago",
        "Volume Sales Year Ago": "Category_Volume Sales Year Ago",
        "Stat Case Volume Year Ago": "Category_Stat Case Volume Year Ago",
        "Markdown Dollars Year Ago": "Category_Markdown Dollars Year Ago",
        "Baseline Volume Weighted Weeks Any Merch Year Ago": "Category_Baseline Volume Weighted Weeks Any Merch Year Ago",
        "Average Weekly Total Points of Distribution Year Ago": "Category_Total Points of Distribution Year Ago",
        "Price per Unit Year Ago": "Category_Price per Unit Year Ago",
        "Price per Volume Year Ago": "Category_Price per Volume Year Ago",
        "Dollar Sales %Change vs YA": "Category_Dollar Sales %Change vs YA",
        "Stat Case Volume %Change vs YA": "Category_Stat Case Volume %Change vs YA",
        "Unit Sales %Change vs YA": "Category_Unit Sales %Change vs YA",
        "Markdown Dollars %Change vs YA": "Category_Markdown Dollars %Change vs YA",
        "Average Weekly ACV Distribution %Change vs YA": "Category_Average Weekly ACV Distribution %Change vs YA",
        "Avg Weekly Items per Store Selling %Change vs YA": "Category_Avg Weekly Items per Store Selling %Change vs YA",
        "Volume Sales %Change vs YA": "Category_Volume Sales %Change vs YA",
        "Average Weekly Total Points of Distribution %Change vs YA": "Category_Average Weekly Total Points of Distribution %Change vs YA",
        "Baseline Volume Weighted Weeks Any Merch %Change vs YA": "Category_Baseline Volume Weighted Weeks Any Merch %Change vs YA",
        "Price per Unit %Change vs YA": "CategoryPrice per Unit %Change vs YA",
        "Price per Volume %Change vs YA": "Category_Price per Volume %Change vs YA",
        "% Dollar Sales by Merch Any Merch": "Category_% Dollar Sales by Merch Any Merch",
        "% Dollar Sales by Merch Any Merch Year Ago": "Category_% Dollar Sales by Merch Any Merch Year Ago",
        "% Dollar Sales by Merch Any Merch Change vs YA": "Category_% Dollar Sales by Merch Any Merch Change vs YA",
        "% Dollar Sales by Merch Any Merch %Change vs YA": "Category_% Dollar Sales by Merch Any Merch %Change vs YA"
    },
    "Category_Col": ["data_key_category", "Category_Dollar_Sales", "Category Stat Case Volume", "Category Unit Sales", "Category Volume Sales", "Category Baseline Volume Weighted Weeks Any Merch", "Category Total Points of Distribution", "Category Price per Unit", "Category Price per Volume", "Category_Baseline Dollars", "Category_Baseline Units", "Category_Baseline Volume", "Category_Stat Case Baseline Volume", "Category_Markdown Dollars", "Category_Average Weekly ACV Distribution", "Category_Avg Weekly Items per Store Selling", "Category_Dollar Sales Year Ago", "Category_Unit Sales Year Ago", "Category_Volume Sales Year Ago", "Category_Stat Case Volume Year Ago", "Category_Markdown Dollars Year Ago", "Category_Baseline Volume Weighted Weeks Any Merch Year Ago", "Category_Total Points of Distribution Year Ago", "Category_Price per Unit Year Ago", "Category_Price per Volume Year Ago", "Category_Average Weekly ACV Distribution Year Ago", "Category_Avg Weekly Items per Store Selling Year Ago", "Category_Dollar Sales %Change vs YA", "Category_Stat Case Volume %Change vs YA", "Category_Unit Sales %Change vs YA", "Category_Markdown Dollars %Change vs YA", "Category_Average Weekly ACV Distribution %Change vs YA", "Category_Avg Weekly Items per Store Selling %Change vs YA", "Category_Volume Sales %Change vs YA", "Category_Average Weekly Total Points of Distribution %Change vs YA", "Category_Baseline Volume Weighted Weeks Any Merch %Change vs YA", "CategoryPrice per Unit %Change vs YA", "Category_Price per Volume %Change vs YA", "Category_% Dollar Sales by Merch Any Merch", "Category_% Dollar Sales by Merch Any Merch Year Ago", "Category_% Dollar Sales by Merch Any Merch Change vs YA", "Category_% Dollar Sales by Merch Any Merch %Change vs YA"],
    
    
    "PL_copy_col_subset": ["Product_IRI", "Geography", "Time", "Price per Unit", "Price per Unit Year Ago", "Price per Unit %Change vs YA", "Price per Volume", "Price per Volume Year Ago", "Price per Volume %Change vs YA"],
    
    "PL_copy_col_rename": {
        "Product_IRI": "PL SKU",
        "Price per Unit": "PL Price per Unit",
        "Price per Unit Year Ago": "PL Price per Unit YA",
        "Price per Unit %Change vs YA": "PL Price per Unit %Change vs YA",
        "Price per Volume": "PL Price per Volume",
        "Price per Volume Year Ago": "PL Price per Volume Year Ago",
        "Price per Volume %Change vs YA": "PL Price per Volume %Change vs YA"
    },
    "Branded_col_subset": ["Product_IRI", "Geography", "Time", "Price per Unit", "Price per Unit Year Ago", "Price per Unit %Change vs YA", "Price per Volume", "Price per Volume Year Ago", "Price per Volume %Change vs YA"],
    "Branded_col_rename": {
        "Product_IRI": "Branded SKU",
        "Price per Unit": "Branded Price per Unit",
        "Price per Unit Year Ago": "Branded Price per Unit YA",
        "Price per Unit %Change vs YA": "Branded Price per Unit %Change vs YA",
        "Price per Volume": "Branded Price per Volume",
        "Price per Volume Year Ago": "Branded Price per Volume Year Ago",
        "Price per Volume %Change vs YA": "Branded Price per Volume %Change vs YA"
    },
    "update_na": ["PL gap Price per volume", "PL gap Price per volume YA", "PL gap Price per volume Change", "Branded gap Price per volume", "Branded gap Price per volume YA", "Branded gap Price per volume Change", "PL SKU", "PL Price per Unit", "PL Price per Unit YA", "PL Price per Unit %Change vs YA", "PL Price per Volume", "PL Price per Volume Year Ago", "PL Price per Volume %Change vs YA", "Branded SKU", "Branded Price per Unit", "Branded Price per Unit YA", "Branded Price per Unit %Change vs YA", "Branded Price per Volume", "Branded Price per Volume Year Ago", "Branded Price per Volume %Change vs YA"],
    "type_conversion": {
        "Year": "int",
        "Month": "int",
        "day": "int",
        "Original_Month": "int",
        "Original_Year": "int",
        "Fiscal Year Num": "int",
        "Fiscal month": "int",
        "Fiscal Quarter Num": "int",
        "Corporate Flag": "int",
        "BU Flag": "int",
        "Corporate Flag-BU": "int",
        "Retailer Flag": "int",
        "Corporate Flag-Corporate": "int",
        "Competition Flag-BU": "int",
        "Competition Flag-All": "int"
    }
}




